id_wikidata,material,grade
Q472287,Ciencias del ambiente,7
Q79751,Historia,7
Q424494,Educación musical,8
Q79896,Formación para la ciudadanía,9
Q474090,Literatura,9
Q166849,Ciencias del ambiente,7
Q161635,Tecnologías,8
Q68833,Biología,8
Q252088,Literatura,9
Q221275,Química,9
Q185325,Biología,8
Q220264,Historia,7
Q186517,Ciencias del ambiente,7
Q474628,Lengua española,7
Q164573,Lengua española,7
Q164573,Lengua española,8
Q472911,Lengua española,8
Q187634,Química,9
Q75848,Geografía,8
Q188838,Literatura,9
Q189439,Ciencias del ambiente,9
Q160845,Comunicación y sociedad,9
Q79719,Ciencias del ambiente,9
Q79984,Tecnologías,8
Q80702,Historia,8
Q165647,Ciencias físico-químicas,8
Q243253,Educación física y recreación,7
Q243253,Educación física y recreación,9
Q243253,Educación física y recreación,8
Q462437,Comunicación visual,7
Q167676,Ciencias del ambiente,9
Q167676,Tecnologías,8
Q167676,Tecnologías,9
Q72313,Tecnologías,8
Q162314,Historia,7
Q161157,Tecnologías,8
Q74560,Ciencias del ambiente,7
Q235001,Matemática,8
Q229367,Diseño,8
Q221117,Educación musical,8
Q185387,Formación para la ciudadanía,9
Q219320,Ciencias de la computación,7
Q187082,Biología,9
Q156537,Biología,9
Q188009,Química,9
Q221836,Química,9
Q186386,Geografía,8
Q238231,Matemática,7
Q188961,Formación para la ciudadanía,9
Q245423,Lengua española,7
Q160738,Educación física y recreación,7
Q160738,Educación física y recreación,8
Q228736,Ciencias físico-químicas,8
Q162378,Lengua española,7
Q189594,Historia,7
Q188209,Tecnologías,7
Q188451,Educación musical,8
Q158688,Matemática,9
Q187672,Tecnologías,9
Q187672,Tecnologías,8
Q161254,Tecnologías,8
Q251212,Ciencias del ambiente,9
Q251212,Tecnologías,8
Q251212,Tecnologías,9
Q242606,Ciencias físico-químicas,8
Q223767,Historia,7
Q237914,Literatura,9
Q453768,Literatura,9
Q455550,Educación física y recreación,7
Q427369,Geografía,7
Q468838,Literatura,9
Q428995,Historia,7
Q428148,Educación física y recreación,9
Q471880,Ciencias de la computación,7
Q473719,Educación física y recreación,7
Q473719,Educación física y recreación,9
Q473719,Educación física y recreación,8
Q156017,Historia,9
Q471822,Geografía,8
Q167191,Biología,9
Q242069,Educación física y recreación,7
Q242069,Educación física y recreación,9
Q242069,Educación física y recreación,8
Q79995,Ciencias del ambiente,7
Q79995,Geografía,7
Q220734,Historia,7
Q81041,Geografía,7
Q236122,Historia,7
Q81041,Ciencias físico-químicas,8
Q80871,Literatura,9
Q223268,Historia,7
Q238557,Literatura,9
Q219223,Biología,8
Q254183,Ciencias del ambiente,9
Q254183,Tecnologías,9
Q185557,Ciencias del ambiente,7
Q185557,Biología,8
Q185744,Química,9
Q221474,Historia,8
Q79899,Ciencias del ambiente,7
Q79927,Ciencias del ambiente,7
Q223750,Historia,7
Q243606,Diseño,8
Q80056,Literatura,9
Q79529,Química,9
Q188460,Geografía,8
Q188460,Ciencias del ambiente,7
Q223393,Literatura,9
Q185467,Formación para la ciudadanía,9
Q465352,Tecnologías,7
Q161598,Geografía,7
Q447131,Historia,7
Q450056,Ciencias del ambiente,7
Q159462,Ciencias del ambiente,7
Q246710,Biología,8
Q72499,Historia,7
Q239458,Literatura,9
Q164386,Biología,8
Q79782,física,9
Q187215,Biología,8
Q80831,Tecnologías,8
Q446437,Literatura,9
Q224055,Ciencias de la computación,7
Q190007,Formación para la ciudadanía,9
Q457316,Literatura,9
Q470747,Biología,8
Q186368,Ciencias del ambiente,7
Q167172,Salud y sexualidad,8
Q80006,Tecnologías,8
Q80006,Tecnologías,7
Q80006,Tecnologías,8
Q78974,Química,9
Q461335,Ciencias del ambiente,7
Q166620,Geografía,7
Q187181,Biología,8
Q188522,Ciencias del ambiente,9
Q188522,Tecnologías,8
Q193434,Educación musical,8
Q193434,Educación física y recreación,7
Q193434,Educación física y recreación,9
Q193434,Educación física y recreación,8
Q170978,Tecnologías,7
Q170978,Tecnologías,8
Q191624,Historia,7
Q483921,Ciencias del ambiente,7
Q506623,Química,9
Q286576,Comunicación y sociedad,9
Q191934,Ciencias del ambiente,7
Q192125,Historia,9
Q477298,Educación física y recreación,7
Q477298,Educación física y recreación,9
Q477298,Educación física y recreación,8
Q193036,Educación física y recreación,7
Q193036,Educación física y recreación,8
Q497743,Tecnologías,9
Q483130,Geografía,8
Q483213,Biología,8
Q193946,Ciencias físico-químicas,8
Q173183,Tecnologías,8
Q191390,Química,9
Q483948,Química,9
Q274493,Química,9
Q192521,Diseño,8
Q82604,Comunicación visual,7
Q82604,Diseño,8
Q281287,Comunicación y sociedad,9
Q276510,Literatura,9
Q113558,Educación musical,8
Q102047,Lengua española,7
Q102761,Matemática,7
Q103184,Lengua española,7
Q103184,Lengua española,8
Q170130,Ciencias de la computación,7
Q277954,Biología,8
Q170731,Química,9
Q83323,Química,9
Q280191,Diseño,8
Q93304,Historia,7
Q170519,Ciencias del ambiente,9
Q170519,Tecnologías,9
Q494348,Ciencias de la computación,7
Q494348,Salud y sexualidad,7
Q284742,Tecnologías,8
Q191154,Química,9
Q192193,Educación musical,8
Q103285,Literatura,9
Q192735,física,9
Q501829,Biología,8
Q113013,Literatura,9
Q113462,Ciencias del ambiente,9
Q113462,Formación para la ciudadanía,9
Q483024,Historia,7
Q309100,Educación física y recreación,9
Q290502,Literatura,9
Q192989,Historia,8
Q193666,Educación musical,8
Q274782,Formación para la ciudadanía,9
Q284256,Química,9
Q294440,Geografía,8
Q318529,Biología,9
Q510866,Ciencias de la computación,7
Q510866,Salud y sexualidad,7
Q101065,Biología,9
Q101065,Ciencias del ambiente,7
Q101065,Salud y sexualidad,7
Q254465,Comunicación visual,7
Q254465,Matemática,8
Q282131,Educación musical,8
Q275918,Historia,7
Q192439,Matemática,8
Q192439,Matemática,9
Q170145,Biología,9
Q310988,Formación para la ciudadanía,9
Q115368,Matemática,8
Q115368,Matemática,7
Q170584,Tecnologías,9
Q171283,Biología,8
Q193544,Educación musical,8
Q114084,Educación física y recreación,7
Q114084,Educación física y recreación,8
Q172861,Ciencias del ambiente,7
Q318394,Historia,7
Q169940,Ciencias del ambiente,7
Q171064,Biología,8
Q496341,Geografía,8
Q317309,Biología,9
Q317309,Ciencias de la computación,7
Q274160,Química,9
Q192624,Educación musical,8
Q190087,Ciencias de la computación,7
Q83474,Diseño,8
Q290574,Tecnologías,8
Q265823,Historia,7
Q266500,Biología,9
Q268132,Matemática,8
Q312457,Educación musical,8
Q192280,Salud y sexualidad,7
Q267298,Tecnologías,8
Q264164,Tecnologías,8
Q274083,Química,9
Q275157,Biología,8
Q101395,Química,9
Q255362,Tecnologías,7
Q83181,Ciencias del ambiente,7
Q194101,Biología,8
Q101896,Biología,9
Q278757,Historia,9
Q484637,Matemática,8
Q103191,Ciencias del ambiente,7
Q280257,Comunicación y sociedad,9
Q170430,Ciencias del ambiente,7
Q170658,Comunicación visual,7
Q171957,Educación física y recreación,7
Q171957,Educación física y recreación,9
Q171957,Educación física y recreación,8
Q283180,Ciencias del ambiente,7
Q169917,Química,9
Q169953,Biología,8
Q492264,Educación musical,8
Q192588,Tecnologías,8
Q83864,Biología,9
Q275131,Ciencias de la computación,7
Q275131,Tecnologías,9
Q170406,Comunicación visual,7
Q170406,Educación musical,8
Q478798,Comunicación visual,7
Q275051,Historia,7
Q89640,Ciencias del ambiente,7
Q487623,Comunicación visual,7
Q170412,Educación musical,8
Q483242,Química,9
Q498640,Historia,8
Q170321,Ciencias del ambiente,7
Q95074,Literatura,9
Q191733,Biología,8
Q194376,Química,9
Q200034,Comunicación visual,7
Q344888,Geografía,7
Q574360,Biología,8
Q176483,Historia,7
Q609298,Formación para la ciudadanía,9
Q533820,Historia,7
Q173432,Ciencias del ambiente,7
Q105196,Biología,9
Q176501,Educación musical,8
Q176623,Matemática,8
Q176623,Matemática,9
Q107414,Química,9
Q373557,Educación física y recreación,7
Q373557,Educación física y recreación,8
Q201788,Historia,7
Q110176,Matemática,8
Q357760,Lengua española,7
Q357760,Lengua española,8
Q382646,Biología,9
Q201038,Historia,7
Q541936,Formación para la ciudadanía,9
Q200661,Literatura,9
Q121610,Ciencias del ambiente,7
Q202398,Historia,8
Q104837,Química,9
Q205049,Educación musical,8
Q201735,Educación musical,8
Q626738,Ciencias del ambiente,7
Q520713,Comunicación visual,7
Q124291,Tecnologías,7
Q620584,Matemática,7
Q377623,Literatura,9
Q326827,Educación física y recreación,9
Q599905,Historia,9
Q174844,Geografía,8
Q382570,Educación musical,8
Q104752,Matemática,7
Q197536,Tecnologías,8
Q197536,Ciencias de la computación,7
Q125928,Biología,9
Q125928,Ciencias del ambiente,7
Q200117,Biología,9
Q607301,Historia,9
Q200726,Matemática,9
Q205034,Matemática,8
Q205034,Matemática,7
Q174778,Biología,8
Q204554,Ciencias de la computación,7
Q388202,Historia,8
Q173710,Biología,8
Q207122,Biología,9
Q634483,Geografía,7
Q396622,Geografía,8
Q396622,Ciencias físico-químicas,8
Q207125,Educación física y recreación,9
Q120446,Ciencias del ambiente,7
Q576145,Biología,8
Q511494,Literatura,9
Q124490,Formación para la ciudadanía,9
Q389782,Tecnologías,7
Q389782,Tecnologías,8
Q325944,Educación musical,8
Q196538,Ciencias del ambiente,7
Q196538,Biología,8
Q324509,Biología,8
Q127980,Biología,9
Q127980,Biología,8
Q555097,Ciencias de la computación,7
Q104083,Lengua española,7
Q524648,Comunicación y sociedad,9
Q200250,Geografía,8
Q107715,física,9
Q174361,Historia,7
Q203850,Biología,8
Q555449,Literatura,9
Q533188,Tecnologías,9
Q583960,Matemática,8
Q640757,Educación física y recreación,7
Q640757,Educación física y recreación,9
Q640757,Educación física y recreación,8
Q327400,Biología,9
Q327400,Ciencias del ambiente,9
Q327400,Tecnologías,8
Q327400,Ciencias del ambiente,7
Q327400,Ciencias de la computación,7
Q335632,Matemática,8
Q335632,Matemática,9
Q335632,Matemática,7
Q174334,Tecnologías,9
Q174334,Tecnologías,8
Q174876,Biología,9
Q535691,Biología,9
Q380012,Lengua española,8
Q122173,Historia,7
Q123432,Historia,7
Q638608,Ciencias del ambiente,9
Q638608,Tecnologías,8
Q639197,Educación musical,8
Q354337,Matemática,8
Q355198,Ciencias de la computación,7
Q588790,Lengua española,8
Q319970,Ciencias del ambiente,7
Q651022,Ciencias del ambiente,9
Q651022,Tecnologías,8
Q320723,Ciencias físico-químicas,8
Q123414,Biología,9
Q379380,Matemática,8
Q543692,Geografía,7
Q565649,Química,9
Q201022,Educación física y recreación,8
Q127920,Química,9
Q207349,Educación musical,8
Q597493,Educación musical,8
Q609507,Lengua española,8
Q601053,Matemática,8
Q556496,Educación física y recreación,7
Q556496,Educación física y recreación,9
Q556496,Educación física y recreación,8
Q396338,Geografía,8
Q174210,Literatura,9
Q582159,Ciencias de la computación,7
Q611474,Lengua española,8
Q586060,Comunicación y sociedad,9
Q334118,Literatura,9
Q327358,Lengua española,7
Q194326,Educación física y recreación,7
Q194326,Educación física y recreación,9
Q194326,Educación física y recreación,8
Q394222,Biología,9
Q331273,Historia,7
Q329823,Geografía,7
Q120812,Matemática,7
Q576271,Lengua española,7
Q175185,Geografía,7
Q173767,Literatura,9
Q122224,Biología,9
Q122224,Salud y sexualidad,8
Q207449,Historia,7
Q542929,Química,9
Q617103,Historia,8
Q629029,Tecnologías,9
Q717681,Lengua española,7
Q134830,Lengua española,7
Q399138,Literatura,9
Q211500,Tecnologías,7
Q211500,Tecnologías,8
Q690182,Comunicación visual,7
Q205665,Formación para la ciudadanía,9
Q131123,Ciencias del ambiente,7
Q127702,Ciencias del ambiente,7
Q129533,Literatura,9
Q210272,Comunicación visual,7
Q210272,Geografía,8
Q130762,Matemática,7
Q131201,Biología,9
Q131201,Ciencias del ambiente,7
Q131201,Geografía,7
Q131749,Biología,9
Q131749,Biología,8
Q205740,Historia,7
Q702232,Geografía,8
Q205660,Biología,9
Q175850,Biología,9
Q706622,Comunicación y sociedad,9
Q178715,Literatura,9
Q211294,Matemática,8
Q175973,Tecnologías,8
Q408891,física,9
Q127006,Educación física y recreación,7
Q127006,Educación física y recreación,9
Q127006,Educación física y recreación,8
Q178869,Literatura,9
Q735071,Matemática,7
Q181014,Educación musical,8
Q719426,Biología,9
Q134465,física,9
Q150071,Ciencias del ambiente,7
Q128135,Historia,9
Q208511,Geografía,8
Q714097,Literatura,9
Q654693,Educación musical,8
Q179230,Lengua española,8
Q179465,Educación musical,8
Q179615,Química,9
Q211669,Biología,8
Q726543,Educación física y recreación,7
Q726543,Educación física y recreación,9
Q726543,Educación física y recreación,8
Q726543,Biología,8
Q212306,Ciencias del ambiente,7
Q181394,Biología,8
Q725939,Matemática,8
Q623543,Biología,9
Q208111,Historia,7
Q625376,Química,9
Q620620,Ciencias de la computación,7
Q728001,Lengua española,7
Q126236,Historia,8
Q652360,Geografía,8
Q653848,Geografía,7
Q129859,Literatura,9
Q130983,Biología,8
Q656619,Educación física y recreación,7
Q656619,Educación física y recreación,9
Q656619,Educación física y recreación,8
Q131708,Historia,7
Q690940,Lengua española,7
Q207591,Educación musical,8
Q730920,Ciencias del ambiente,9
Q730920,Tecnologías,7
Q730920,Tecnologías,8
Q207804,Literatura,9
Q690068,Geografía,8
Q132580,Ciencias del ambiente,7
Q207857,Lengua española,7
Q212108,Tecnologías,8
Q671617,Matemática,9
Q206330,Ciencias del ambiente,9
Q206330,Ciencias de la computación,7
Q177626,Geografía,7
Q132311,Literatura,9
Q134808,Biología,9
Q148837,Historia,7
Q147516,Literatura,9
Q620615,Ciencias de la computación,7
Q380778,Biología,9
Q175943,Tecnologías,8
Q131752,Matemática,7
Q178605,Geografía,7
Q134938,Biología,8
Q690256,Historia,8
Q131779,Lengua española,8
Q133442,Historia,7
Q708826,Literatura,9
Q128393,Historia,7
Q712294,Biología,8
Q712604,Biología,8
Q661062,Comunicación visual,7
Q685884,Educación musical,8
Q132629,Tecnologías,7
Q132629,Tecnologías,8
Q179742,Salud y sexualidad,8
Q177691,Lengua española,7
Q657326,Historia,7
Q712378,Ciencias del ambiente,7
Q657326,Historia,8
Q131774,Biología,9
Q131774,Ciencias del ambiente,7
Q131774,Salud y sexualidad,7
Q663208,Matemática,9
Q731973,Lengua española,8
Q624546,Tecnologías,8
Q177819,Historia,7
Q149013,Geografía,8
Q626225,Tecnologías,7
Q626225,Tecnologías,8
Q177784,Tecnologías,9
Q179405,Biología,8
Q178150,Tecnologías,7
Q179080,Lengua española,7
Q179080,Lengua española,8
Q181100,Biología,8
Q5378,Educación física y recreación,7
Q5378,Educación física y recreación,9
Q5378,Educación física y recreación,8
Q412542,Biología,8
Q420496,Biología,9
Q676838,Tecnologías,8
Q380057,Lengua española,8
Q380344,Matemática,8
Q380344,Matemática,9
Q423488,Tecnologías,8
Q423488,Tecnologías,9
Q702492,Geografía,7
Q774228,Tecnologías,8
Q182221,Tecnologías,9
Q182726,Biología,9
Q762856,Matemática,8
Q762856,Matemática,9
Q803888,Ciencias del ambiente,7
Q832383,Literatura,9
Q680023,Historia,7
Q680042,Lengua española,8
Q180165,Tecnologías,9
Q182353,Ciencias del ambiente,7
Q182598,Matemática,8
Q182598,Matemática,9
Q183140,Ciencias del ambiente,7
Q749389,Lengua española,8
Q184439,Comunicación y sociedad,9
Q212734,Ciencias del ambiente,7
Q755673,Ciencias de la computación,7
Q834028,Química,9
Q841798,física,9
Q217259,Biología,9
Q7174,Historia,7
Q5880,Biología,9
Q743257,Química,9
Q811679,Tecnologías,7
Q811679,Tecnologías,8
Q748455,Educación musical,8
Q816829,Historia,7
Q815818,Ciencias del ambiente,7
Q219142,Matemática,8
Q219142,Matemática,9
Q219142,Matemática,7
Q144334,Historia,7
Q735505,Biología,9
Q181497,Ciencias del ambiente,7
Q213449,Ciencias del ambiente,7
Q828047,Historia,7
Q5413,Geografía,7
Q184716,Historia,8
Q7167,Historia,8
Q213381,Formación para la ciudadanía,9
Q180544,Matemática,9
Q180544,Matemática,7
Q213456,Biología,9
Q215067,Matemática,8
Q215067,Matemática,9
Q182581,Biología,9
Q5401,Geografía,7
Q183481,Ciencias del ambiente,7
Q216200,Formación para la ciudadanía,9
Q141130,Comunicación visual,7
Q719597,física,9
Q151942,Educación musical,8
Q211050,Biología,9
Q211050,Ciencias del ambiente,7
Q146813,Tecnologías,8
Q180856,Educación física y recreación,9
Q213642,Comunicación visual,7
Q747008,Historia,7
Q748229,Geografía,7
Q787407,Biología,8
Q184550,física,9
Q722644,Comunicación visual,7
Q5873,Biología,9
Q6206,Historia,8
Q135005,Ciencias de la computación,7
Q842346,Comunicación visual,7
Q216048,Educación física y recreación,7
Q216048,Educación física y recreación,9
Q216048,Educación física y recreación,8
Q216635,Ciencias del ambiente,7
Q839508,Biología,9
Q740909,Biología,8
Q771245,Ciencias del ambiente,9
Q771245,Tecnologías,8
Q771245,Ciencias de la computación,7
Q682466,Biología,8
Q780687,Formación para la ciudadanía,9
Q184421,Educación musical,8
Q788590,Ciencias del ambiente,9
Q723418,Educación musical,8
Q832330,Literatura,9
Q754250,Biología,8
Q183252,Ciencias del ambiente,7
Q143873,Tecnologías,7
Q143873,Tecnologías,8
Q781560,Historia,7
Q181593,Ciencias de la computación,7
Q681698,Biología,8
Q217106,Comunicación visual,7
Q217106,Diseño,8
Q217106,Tecnologías,8
Q7108,Ciencias físico-químicas,8
Q778379,Ciencias de la computación,7
Q762713,Biología,9
Q762713,Biología,8
Q184627,Biología,9
Q764285,Química,9
Q796212,Lengua española,7
Q822938,física,9
Q182545,Comunicación y sociedad,9
Q182545,Lengua española,8
Q5878,Literatura,9
Q797559,Biología,8
Q182527,Química,9
Q215920,Geografía,7
Q216378,Ciencias de la computación,7
Q6607,Educación musical,8
Q183129,Ciencias del ambiente,7
Q212940,Historia,7
Q183605,Biología,8
Q210443,Historia,7
Q830012,Lengua española,7
Q830012,Lengua española,8
Q765188,Matemática,9
Q210377,Literatura,9
Q747883,Biología,9
Q747883,Educación física y recreación,9
Q770723,Historia,7
Q778806,Matemática,8
Q842083,Biología,9
Q153071,Educación musical,8
Q152100,Biología,9
Q152100,Biología,8
Q735135,Química,9
Q682111,Lengua española,7
Q152827,Geografía,7
Q683111,Tecnologías,9
Q154136,Biología,9
Q154136,Salud y sexualidad,7
Q814722,Lengua española,8
Q217199,Educación musical,8
Q155234,Educación musical,8
Q797769,Tecnologías,8
Q797769,Ciencias de la computación,7
Q846047,Educación musical,8
Q849032,Biología,9
Q7881,Biología,8
Q1050744,Lengua española,8
Q185092,Ciencias del ambiente,9
Q852163,Biología,8
Q857300,Biología,8
Q1019285,Geografía,8
Q1056194,Ciencias del ambiente,7
Q1193859,Educación musical,8
Q1165944,Geografía,8
Q8104,Geografía,7
Q913236,Biología,8
Q863944,Geografía,7
Q906356,Química,9
Q1033073,Educación musical,8
Q1033073,Educación física y recreación,7
Q1033073,Educación física y recreación,9
Q1033073,Educación física y recreación,8
Q7749,Educación musical,8
Q184932,Lengua española,7
Q8091,Comunicación y sociedad,9
Q980329,Diseño,8
Q1088777,Ciencias del ambiente,7
Q185035,Ciencias físico-químicas,8
Q1063837,Tecnologías,7
Q1063837,Tecnologías,8
Q843905,Matemática,7
Q988343,Biología,8
Q1148482,Geografía,8
Q949149,Biología,9
Q1147454,Literatura,9
Q1070689,Comunicación visual,7
Q1154146,Educación física y recreación,7
Q1154146,Educación física y recreación,9
Q1154146,Educación física y recreación,8
Q8096,Lengua española,7
Q1156722,Educación física y recreación,9
Q964797,Ciencias del ambiente,7
Q934381,Literatura,9
Q843745,Historia,7
Q842424,Biología,8
Q7889,Ciencias de la computación,7
Q845636,Tecnologías,9
Q7873,Biología,8
Q7895,Biología,9
Q7895,Ciencias del ambiente,7
Q7895,Biología,8
Q853467,Ciencias del ambiente,9
Q7937,Geografía,7
Q1054330,Comunicación y sociedad,9
Q1063420,Biología,9
Q940260,Comunicación visual,7
Q1055771,Educación física y recreación,9
Q858700,Formación para la ciudadanía,9
Q866081,Salud y sexualidad,8
Q1047808,Tecnologías,9
Q899146,Química,9
Q8072,Geografía,7
Q7270,Historia,7
Q1200427,Historia,7
Q844342,Biología,9
Q7239,Ciencias del ambiente,7
Q7365,Educación física y recreación,7
Q7365,Educación física y recreación,9
Q7365,Educación física y recreación,8
Q184806,Ciencias del ambiente,7
Q906378,Química,9
Q876852,Educación física y recreación,9
Q877977,Ciencias de la computación,7
Q907574,Educación física y recreación,9
Q907574,Educación física y recreación,8
Q8047,Biología,8
Q7291,Educación física y recreación,7
Q7291,Educación física y recreación,9
Q7291,Educación física y recreación,8
Q959606,Matemática,9
Q7892,Biología,9
Q7892,Química,9
Q846933,Historia,7
Q845118,Matemática,7
Q1063501,Biología,8
Q1065449,Ciencias del ambiente,7
Q846574,Ciencias del ambiente,7
Q848436,Tecnologías,9
Q1184366,Biología,8
Q873072,Biología,9
Q999259,Historia,7
Q911916,Química,9
Q7432,Ciencias del ambiente,7
Q1076509,Salud y sexualidad,8
Q7366,Educación musical,8
Q852082,Geografía,7
Q860372,Diseño,8
Q1147377,Educación física y recreación,7
Q1147377,Educación física y recreación,9
Q1147377,Educación física y recreación,8
Q1189753,Comunicación visual,7
Q864114,Ciencias de la computación,7
Q1073121,Biología,8
Q885115,Tecnologías,8
Q7275,Historia,7
Q876776,Biología,8
Q7188,Formación para la ciudadanía,9
Q7275,Formación para la ciudadanía,9
Q7891,Ciencias del ambiente,7
Q7891,Biología,8
Q7886,Biología,8
Q1195015,Educación musical,8
Q1195272,Literatura,9
Q1091532,Diseño,8
Q862597,Educación musical,8
Q976981,Matemática,8
Q1003183,Química,9
Q7269,Historia,7
Q1051175,Lengua española,7
Q1051175,Lengua española,8
Q924713,física,9
Q7942,Biología,9
Q7942,Ciencias del ambiente,7
Q924713,Ciencias físico-químicas,8
Q899546,Química,9
Q1020994,Historia,7
Q864886,Ciencias del ambiente,7
Q7397,Ciencias de la computación,7
Q942955,Educación musical,8
Q912313,Ciencias del ambiente,7
Q912313,Biología,8
Q936875,Historia,7
Q1203075,Matemática,7
Q7817,Biología,9
Q1061635,Ciencias del ambiente,9
Q842352,Historia,7
Q185154,Química,9
Q1056761,física,9
Q1056761,Química,9
Q7868,Ciencias del ambiente,7
Q968159,Diseño,8
Q968159,Educación musical,8
Q1029907,Biología,8
Q845566,Ciencias del ambiente,9
Q845566,Tecnologías,8
Q845566,Ciencias de la computación,7
Q1114190,Química,9
Q8171,Educación musical,8
Q1277161,Geografía,7
Q1125955,Ciencias de la computación,7
Q1133779,Diseño,8
Q1094545,Historia,7
Q1643366,Geografía,8
Q1593880,Historia,7
Q1318295,Literatura,9
Q1361002,Salud y sexualidad,8
Q1501017,Educación musical,8
Q1641518,Ciencias del ambiente,7
Q1145523,Comunicación visual,7
Q7950,Geografía,7
Q8361,Educación musical,8
Q1437361,Comunicación visual,7
Q1138737,Tecnologías,8
Q1483324,Comunicación visual,7
Q1403517,Química,9
Q1370895,Biología,8
Q1479257,Comunicación visual,7
Q1414037,Tecnologías,9
Q1388990,Comunicación visual,7
Q1335296,Tecnologías,8
Q8009,Tecnologías,8
Q8009,Ciencias de la computación,7
Q1147070,Ciencias de la computación,7
Q1147070,Salud y sexualidad,7
Q1096872,Ciencias de la computación,7
Q1138301,Geografía,8
Q1098652,Ciencias del ambiente,7
Q1626940,Historia,7
Q1145436,Biología,9
Q1537205,Matemática,8
Q1429421,Literatura,9
Q1659648,Comunicación visual,7
Q1582389,Educación física y recreación,7
Q1582389,Educación física y recreación,9
Q1582389,Educación física y recreación,8
Q1270401,Tecnologías,9
Q1270401,Tecnologías,8
Q1231558,Geografía,8
Q1546066,Ciencias del ambiente,9
Q1546066,Tecnologías,8
Q8192,Comunicación y sociedad,9
Q1233836,Biología,9
Q7944,Geografía,7
Q1464352,Geografía,7
Q1509934,Educación física y recreación,7
Q1509934,Educación física y recreación,9
Q1509934,Educación física y recreación,8
Q1122094,Lengua española,8
Q8425,Historia,7
Q1289503,Historia,7
Q1536343,Biología,9
Q1536343,Salud y sexualidad,7
Q8458,Formación para la ciudadanía,9
Q8458,Historia,9
Q8458,Salud y sexualidad,7
Q1301371,Ciencias del ambiente,9
Q1301371,Tecnologías,8
Q1574985,Educación musical,8
Q1530061,Ciencias del ambiente,9
Q1530061,Ciencias de la computación,7
Q1420204,Matemática,7
Q1303550,Literatura,9
Q1661989,Tecnologías,9
Q1313631,Geografía,8
Q8698,Historia,9
Q1100446,Lengua española,7
Q1379672,Educación física y recreación,9
Q1334780,Ciencias del ambiente,7
Q1401131,Lengua española,7
Q1401131,Lengua española,8
Q1364783,Biología,8
Q8683,Historia,9
Q8418,Educación física y recreación,7
Q8418,Educación física y recreación,9
Q8418,Educación física y recreación,8
Q1522115,Tecnologías,7
Q1522115,Tecnologías,9
Q1522115,Tecnologías,8
Q1228250,Comunicación visual,7
Q1231896,Comunicación visual,7
Q1410327,Comunicación y sociedad,9
Q1427966,Literatura,9
Q1622659,Educación física y recreación,7
Q1622659,Educación física y recreación,9
Q1622659,Educación física y recreación,8
Q1547362,Biología,8
Q8148,Ciencias del ambiente,7
Q1660379,Historia,9
Q1097630,Biología,9
Q8124,Biología,9
Q8124,Biología,8
Q8183,Lengua española,7
Q8242,Literatura,9
Q8242,Comunicación y sociedad,9
Q8436,Salud y sexualidad,8
Q1243912,Educación musical,8
Q1318776,Biología,8
Q1244890,Matemática,7
Q1321695,Biología,9
Q1321695,Ciencias del ambiente,7
Q8513,Tecnologías,8
Q8513,Ciencias de la computación,7
Q1634530,Biología,9
Q1244652,Matemática,8
Q1244652,Matemática,9
Q1229911,Biología,9
Q1229911,Geografía,8
Q1141745,Historia,7
Q1288583,Historia,7
Q1348853,Biología,8
Q1349358,Biología,9
Q1349358,Biología,8
Q1349358,Ciencias de la computación,7
Q1132690,Historia,8
Q1094061,Lengua española,8
Q1377526,Biología,8
Q1472057,Historia,7
Q8386,Biología,9
Q8386,Biología,8
Q1452181,Educación musical,8
Q1452181,Educación física y recreación,7
Q1452181,Educación física y recreación,9
Q1452181,Educación física y recreación,8
Q1294703,Geografía,8
Q1545300,Tecnologías,8
Q1349760,Historia,7
Q1295946,Ciencias del ambiente,7
Q1454986,Ciencias físico-químicas,8
Q1573624,Lengua española,8
Q8432,Historia,7
Q8366,Ciencias de la computación,7
Q1226939,Matemática,7
Q2608489,Historia,7
Q1663054,Biología,8
Q2512777,Química,9
Q2551030,Educación física y recreación,7
Q2551030,Educación física y recreación,9
Q2551030,Educación física y recreación,8
Q2695280,Tecnologías,7
Q1664027,Geografía,7
Q8815,Ciencias de la computación,7
Q1761396,Biología,9
Q1940007,Biología,8
Q2097208,Historia,8
Q2511733,Lengua española,8
Q1703762,Literatura,9
Q1668038,Ciencias del ambiente,9
Q1668038,Tecnologías,8
Q1668038,Ciencias de la computación,7
Q9135,Tecnologías,8
Q9135,Ciencias de la computación,7
Q9530,Ciencias del ambiente,7
Q2034420,Química,9
Q9259,Comunicación visual,7
Q2000344,Educación física y recreación,7
Q2000344,Educación física y recreación,9
Q2000344,Educación física y recreación,8
Q1775153,Ciencias del ambiente,7
Q8811,Ciencias del ambiente,9
Q1921707,Historia,7
Q9377,Biología,8
Q9143,Ciencias del ambiente,9
Q9492,Matemática,9
Q9492,Matemática,7
Q1716905,Tecnologías,8
Q2022868,Geografía,8
Q2022868,Ciencias del ambiente,7
Q2192288,Biología,9
Q2192288,Biología,8
Q1756507,Tecnologías,7
Q1997531,Historia,9
Q1849028,Geografía,8
Q2119531,Tecnologías,9
Q1938215,Lengua española,8
Q1973610,Biología,9
Q2185614,Lengua española,7
Q2426831,Ciencias del ambiente,9
Q2426831,Geografía,8
Q2426831,Educación física y recreación,7
Q2426831,Educación física y recreación,9
Q2426831,Formación para la ciudadanía,9
Q2426831,Educación física y recreación,8
Q1977971,Literatura,9
Q9103,Biología,9
Q2672163,Biología,9
Q2672163,Salud y sexualidad,8
Q1981388,Biología,9
Q1981388,Salud y sexualidad,8
Q1778442,Lengua española,7
Q1778442,Lengua española,8
Q8958,Historia,7
Q2138622,Ciencias del ambiente,7
Q9384,Biología,9
Q9384,Biología,8
Q1710207,Biología,8
Q1931259,Lengua española,7
Q1931259,Lengua española,8
Q9382,Biología,8
Q9404,Biología,8
Q1987559,Formación para la ciudadanía,9
Q2356542,Química,9
Q2602563,Biología,9
Q2602563,Biología,8
Q2630879,Lengua española,8
Q1907114,Geografía,8
Q1747689,Historia,7
Q9415,Educación física y recreación,8
Q2031017,Lengua española,8
Q2606305,Historia,7
Q2159485,Literatura,9
Q1780993,Química,9
Q1967458,Ciencias de la computación,7
Q2303637,Lengua española,7
Q1939117,Comunicación y sociedad,9
Q9606,Biología,8
Q1823478,Ciencias del ambiente,7
Q1751513,Educación física y recreación,9
Q2281940,Química,9
Q2254571,Salud y sexualidad,7
Q2463100,Educación física y recreación,9
Q2357000,Historia,8
Q2015382,Educación física y recreación,9
Q1991505,Matemática,8
Q1991505,Matemática,9
Q1662040,Geografía,8
Q1850937,Tecnologías,7
Q2116083,Educación física y recreación,7
Q2116083,Educación física y recreación,9
Q2116083,Educación física y recreación,8
Q1747618,Historia,7
Q1786577,Comunicación visual,7
Q1784017,Ciencias del ambiente,7
Q1758354,Literatura,9
Q2339879,Literatura,9
Q1709075,Educación musical,8
Q1879820,Matemática,7
Q2672972,Historia,8
Q2001702,Ciencias físico-químicas,8
Q2005167,Historia,7
Q9368,Biología,8
Q1900281,Diseño,8
Q9121,Química,9
Q2004258,Historia,7
Q9386,Biología,9
Q9386,Biología,8
Q9612,Biología,9
Q1923028,Lengua española,8
Q2578402,Tecnologías,7
Q9385,Biología,8
Q2041172,física,9
Q2041172,Tecnologías,7
Q2041172,Tecnologías,8
Q2186896,Diseño,8
Q2474068,Química,9
Q9592,Historia,7
Q2625228,Historia,8
Q2088357,Educación musical,8
Q2545446,Lengua española,7
Q2858615,Tecnologías,8
Q4801210,Geografía,8
Q3354732,Historia,7
Q9625,Biología,9
Q3355930,Biología,8
Q4891107,Literatura,9
Q4412837,Ciencias del ambiente,7
Q4413211,Educación física y recreación,7
Q4413211,Educación física y recreación,9
Q4413211,Educación física y recreación,8
Q3393049,Lengua española,8
Q3238302,Historia,7
Q2736823,Historia,7
Q9649,Ciencias del ambiente,7
Q9649,Biología,8
Q2722260,Tecnologías,8
Q3058092,Literatura,9
Q3437271,Tecnologías,7
Q3437271,Tecnologías,9
Q3437271,Tecnologías,8
Q3473038,Biología,9
Q3473038,Salud y sexualidad,8
Q9734,Educación musical,8
Q9645,Biología,8
Q11088,Biología,8
Q11229,Matemática,8
Q11229,Matemática,7
Q4835091,Geografía,7
Q4386352,Biología,9
Q4386352,Salud y sexualidad,8
Q2735691,Ciencias de la computación,7
Q2877813,Literatura,9
Q9618,Biología,8
Q3358290,Matemática,9
Q3358290,Matemática,7
Q11090,Biología,8
Q4833830,Lengua española,7
Q4833830,Lengua española,8
Q3293353,Literatura,9
Q9759,Educación musical,8
Q11012,Tecnologías,8
Q11012,Tecnologías,7
Q11012,Tecnologías,8
Q2990574,Lengua española,8
Q9730,Educación musical,8
Q3142800,Ciencias de la computación,7
Q3427336,Ciencias del ambiente,7
Q4202245,Biología,9
Q4202245,Tecnologías,9
Q9644,Biología,8
Q4340209,Biología,9
Q3305627,Ciencias del ambiente,7
Q2918088,Literatura,9
Q3081842,Literatura,9
Q3308829,Biología,9
Q10693,Química,9
Q11016,Tecnologías,7
Q11016,Tecnologías,9
Q11016,Tecnologías,8
Q3258382,Historia,7
Q2883038,Química,9
Q3510521,Tecnologías,8
Q3467906,Ciencias de la computación,7
Q3331334,Ciencias físico-químicas,8
Q3346035,Literatura,9
Q3220391,Ciencias del ambiente,9
Q3220391,Educación física y recreación,7
Q3220391,Educación física y recreación,9
Q3220391,Educación física y recreación,8
Q3220391,Ciencias de la computación,7
Q3141665,Geografía,8
Q9631,Biología,9
Q9631,Biología,8
Q11173,Química,9
Q3392834,Historia,9
Q3076725,Literatura,9
Q3286899,Literatura,9
Q3404008,Historia,7
Q11344,Química,9
Q4832964,Historia,7
Q3236003,Química,9
Q3427759,Ciencias del ambiente,7
Q3058369,Comunicación y sociedad,9
Q3092578,Lengua española,7
Q9621,Biología,8
Q2842424,Comunicación visual,7
Q2842424,Historia,9
Q3240978,Química,9
Q4820033,Educación musical,8
Q2785021,Formación para la ciudadanía,9
Q2725616,Ciencias del ambiente,7
Q3381164,Comunicación y sociedad,9
Q3307661,Ciencias del ambiente,7
Q3258546,Biología,8
Q4593291,Química,9
Q2858150,Literatura,9
Q3624153,Historia,7
Q3128632,Matemática,8
Q3378593,Biología,9
Q4374872,Tecnologías,7
Q4374872,Tecnologías,8
Q3176324,Ciencias del ambiente,7
Q2890371,Geografía,7
Q2886630,Química,9
Q4519653,Educación física y recreación,9
Q2748242,Educación musical,8
Q3187690,Literatura,9
Q3242046,Formación para la ciudadanía,9
Q2746959,Ciencias físico-químicas,8
Q2893142,Historia,8
Q3397738,Lengua española,8
Q3397768,Lengua española,7
Q3397768,Lengua española,8
Q2840836,Historia,7
Q4929239,Ciencias del ambiente,9
Q4929239,Tecnologías,8
Q2875694,física,9
Q2947235,Tecnologías,7
Q2947235,Tecnologías,8
Q2826051,Educación física y recreación,7
Q2826051,Educación física y recreación,9
Q2826051,Educación física y recreación,8
Q3136707,Literatura,9
Q3006401,Ciencias de la computación,7
Q10876,Ciencias del ambiente,7
Q3076374,Literatura,9
Q4688879,Biología,9
Q4688879,Salud y sexualidad,8
Q3277394,Lengua española,7
Q3277394,Lengua española,8
Q11404,Educación musical,8
Q11410,Educación física y recreación,7
Q11410,Educación física y recreación,9
Q11410,Educación física y recreación,8
Q5808385,Educación musical,8
Q5854436,Lengua española,7
Q5853079,Ciencias del ambiente,7
Q6071606,Historia,8
Q5832039,Literatura,9
Q5739953,Biología,9
Q11382,física,9
Q5966801,Literatura,9
Q5820651,Historia,8
Q5829148,Geografía,7
Q5967087,Literatura,9
Q5840462,Educación física y recreación,7
Q5840462,Educación física y recreación,9
Q5840462,Educación física y recreación,8
Q5853527,Comunicación y sociedad,9
Q5576720,Lengua española,7
Q5918448,Historia,8
Q5839471,Historia,7
Q5654647,Ciencias del ambiente,7
Q5719914,Literatura,9
Q11375,Ciencias del ambiente,9
Q11375,Tecnologías,8
Q5981279,Literatura,9
Q5770868,Historia,7
Q11403,Educación musical,8
Q5720098,Biología,9
Q5600643,Literatura,9
Q5807002,Biología,8
Q5657929,Literatura,9
Q5789970,Historia,7
Q5917515,Biología,9
Q5917515,Biología,8
Q5863332,Ciencias del ambiente,7
Q6011512,Historia,8
Q5747897,Ciencias del ambiente,7
Q5785074,Literatura,9
Q5888018,Historia,9
Q6016432,Historia,8
Q11423,Química,9
Q5653620,Ciencias del ambiente,9
Q5876895,Literatura,9
Q5876895,Historia,9
Q5859395,Tecnologías,8
Q5770105,Ciencias del ambiente,7
Q6035957,Química,9
Q11372,Ciencias físico-químicas,8
Q5691007,Historia,8
Q5779310,Historia,9
Q5771534,Lengua española,7
Q5771534,Lengua española,8
Q5853516,Diseño,8
Q5780026,Lengua española,7
Q5793817,Literatura,9
Q5706691,Historia,7
Q6621941,Historia,9
Q11451,Historia,7
Q6366221,Química,9
Q6498959,Tecnologías,7
Q6498959,Tecnologías,9
Q6498959,Tecnologías,8
Q6581577,Biología,9
Q6631525,Ciencias físico-químicas,8
Q6503924,Química,9
Q6504956,Ciencias del ambiente,9
Q6504956,Tecnologías,8
Q11426,Tecnologías,7
Q11426,Química,9
Q11426,Tecnologías,9
Q11426,Tecnologías,8
Q11466,Química,9
Q11466,Ciencias físico-químicas,8
Q6129920,Ciencias físico-químicas,8
Q6353040,Química,9
Q6353481,Comunicación y sociedad,9
Q6158157,Comunicación y sociedad,9
Q6358942,Historia,9
Q6291984,Comunicación visual,7
Q6671777,Comunicación visual,7
Q6151673,Historia,7
Q6110194,Tecnologías,7
Q6110194,Tecnologías,8
Q6163243,Biología,9
Q6163243,Salud y sexualidad,8
Q6072465,Educación musical,8
Q6072465,Educación física y recreación,7
Q6072465,Educación física y recreación,9
Q6072465,Educación física y recreación,8
Q6076385,Comunicación visual,7
Q6076385,Historia,9
Q6157326,Historia,7
Q6143743,Historia,7
Q6072106,Comunicación visual,7
Q6159648,Historia,8
Q6084219,Lengua española,7
Q6084219,Lengua española,8
Q6661985,Ciencias del ambiente,9
Q6661985,Tecnologías,8
Q6661985,Ciencias de la computación,7
Q6154506,Historia,7
Q6081397,Historia,7
Q11461,Educación musical,8
Q6160892,física,9
Q6088705,Ciencias del ambiente,7
Q6478447,Química,9
Q6346817,Historia,9
Q6121779,Literatura,9
Q6103501,Historia,8
Q11474,Tecnologías,8
Q4182287,Ciencias de la computación,7
Q13445028,Biología,8
Q15978631,Biología,9
Q15978631,Biología,8
Q5308718,Historia,7
Q14890574,Biología,9
Q14890574,Ciencias del ambiente,7
Q7202090,Ciencias del ambiente,7
Q13928914,Tecnologías,7
Q13928914,Tecnologías,8
Q15262301,Historia,8
Q14208553,Tecnologías,7
Q7333703,Biología,9
Q7333703,Salud y sexualidad,7
Q3776487,Matemática,8
Q3776487,Matemática,9
Q5069474,Educación musical,8
Q14390274,Educación musical,8
Q14390274,Educación física y recreación,7
Q14390274,Educación física y recreación,9
Q14390274,Educación física y recreación,8
Q11348,Matemática,8
Q11348,Matemática,9
Q4126475,Historia,8
Q3689704,Comunicación y sociedad,9
Q5078274,Comunicación visual,7
Q5078274,Diseño,8
Q4115079,Ciencias del ambiente,9
Q4115079,Tecnologías,8
Q4115079,Ciencias de la computación,7
Q11083,Biología,8
Q11358,Biología,8
Q5162345,Historia,8
Q3664292,Ciencias del ambiente,7
Q5404592,Educación musical,8
Q3625206,Historia,8
Q13743633,Tecnologías,8
Q3752973,Biología,8
Q15305109,Química,9
Q3738646,Ciencias del ambiente,7
Q14632398,Ciencias físico-químicas,8
Q5219975,Literatura,9
Q11656,Tecnologías,8
Q11978,Biología,8
Q11982,Ciencias del ambiente,7
Q11990,Ciencias del ambiente,7
Q3686031,Comunicación visual,7
Q3686031,Química,9
Q3886264,Matemática,7
Q3750478,Historia,7
Q3769517,Ciencias de la computación,7
Q11078,Biología,8
Q3750478,Ciencias de la computación,7
Q11367,Biología,9
Q4071928,Tecnologías,8
Q3834994,Tecnologías,9
Q8244902,Historia,9
Q13208902,Educación física y recreación,7
Q13208902,Educación física y recreación,9
Q13208902,Educación física y recreación,8
Q12834857,Educación física y recreación,9
Q5110203,Salud y sexualidad,7
Q5133607,Geografía,7
Q11772,Historia,7
Q6942562,Educación musical,8
Q15265460,Historia,7
Q7663735,Matemática,9
Q11629,Comunicación visual,7
Q7162990,Comunicación y sociedad,9
Q3884033,Matemática,8
Q3884033,Matemática,7
Q5259911,Biología,8
Q15855125,Lengua española,7
Q11768,Historia,7
Q7443049,Historia,8
Q11518,Matemática,8
Q11518,Matemática,9
Q11995,Biología,9
Q11653,Tecnologías,9
Q13100823,Biología,9
Q3625500,Educación física y recreación,8
Q15733239,Educación física y recreación,7
Q15733239,Educación física y recreación,9
Q15733239,Educación física y recreación,8
Q8269924,Ciencias del ambiente,7
Q7200896,Ciencias de la computación,7
Q11500,Matemática,9
Q11500,Matemática,7
Q4105337,Biología,9
Q3922674,Diseño,8
Q15885248,Historia,7
Q5082128,Tecnologías,8
Q5403493,Tecnologías,8
Q3745713,Ciencias de la computación,7
Q5354859,Formación para la ciudadanía,9
Q11024,Educación musical,8
Q11024,Comunicación y sociedad,9
Q3734650,Lengua española,7
Q3734650,Lengua española,8
Q8208448,Comunicación y sociedad,9
Q7200277,Diseño,8
Q11068,Ciencias del ambiente,7
Q11068,Biología,8
Q11364,Biología,8
Q3816988,Comunicación visual,7
Q12202238,Matemática,8
Q13406554,Educación física y recreación,9
Q3702971,Ciencias de la computación,7
Q3821310,Educación física y recreación,7
Q3821310,Educación física y recreación,9
Q3821310,Educación física y recreación,8
Q12301128,Biología,9
Q11660,Ciencias del ambiente,9
Q11660,Tecnologías,8
Q11660,Ciencias de la computación,7
Q7060553,Biología,8
Q7565979,Historia,9
Q11895763,Educación musical,8
Q13649246,física,9
Q7047718,Educación musical,8
Q11352,Matemática,8
Q11352,Matemática,7
Q7179013,Comunicación visual,7
Q3823346,Ciencias del ambiente,7
Q4135218,Biología,9
Q4135218,Salud y sexualidad,8
Q12177156,Química,9
Q12727779,Tecnologías,8
Q12182614,Literatura,9
Q5447188,Química,9
Q11923236,Biología,8
Q11474,Tecnologías,7
Q11474,Tecnologías,9
Q30600878,Biología,9
Q16632296,Geografía,8
Q20013708,Tecnologías,7
Q20013708,Tecnologías,8
Q17012331,Biología,8
Q28501460,Comunicación visual,7
Q12136,Biología,9
Q25409850,Literatura,9
Q21296145,Biología,8
Q30336093,Ciencias del ambiente,7
Q30336093,Biología,8
Q23583750,Biología,9
Q18418951,Comunicación y sociedad,9
Q28518227,Comunicación visual,7
Q12029,Biología,9
Q25389336,Comunicación visual,7
Q28114041,Comunicación visual,7
Q16572902,Lengua española,7
Q19436299,Literatura,9
Q26180694,Historia,8
Q17021791,Biología,9
Q19437233,Literatura,9
Q12174,Biología,8
Q25346349,Tecnologías,8
Q30903073,Literatura,9
Q30904029,Comunicación y sociedad,9
Q16493575,Literatura,9
Q24964010,Comunicación visual,7
Q19721982,Comunicación visual,7
Q19410896,Literatura,9
Q18205863,Ciencias de la computación,7
Q17622892,Ciencias del ambiente,7
Q19434914,Literatura,9
Q30674073,Educación física y recreación,7
Q30674073,Educación física y recreación,9
Q30674073,Educación física y recreación,8
Q30904298,Literatura,9
Q23921800,Historia,9
Q17995429,Literatura,9
Q18417267,Ciencias del ambiente,7
Q18419167,Historia,9
Q28706781,Comunicación visual,7
Q25385639,Historia,7
Q21104555,Historia,8
Q25393761,Lengua española,8
Q16302351,Geografía,8
Q18419511,Ciencias del ambiente,7
Q22082330,Historia,7
Q16601346,Comunicación visual,7
Q12147,Biología,9
Q12147,Biología,8
Q12171,Biología,9
Q25447162,Ciencias de la computación,7
Q28022144,Ciencias de la computación,7
Q31121203,Lengua española,8
Q20012900,Lengua española,7
Q24887418,Química,9
Q16938385,Educación musical,8
Q17157079,Tecnologías,7
Q17157079,Tecnologías,8
Q12542,Historia,7
Q64214830,Química,9
Q9048263,Educación musical,8
Q11151749,Biología,9
Q116776698,Ciencias del ambiente,7
Q45029591,Tecnologías,8
Q10954578,Comunicación y sociedad,9
Q17888,Biología,9
Q17888,Salud y sexualidad,8
Q12503,Matemática,7
Q59616986,Ciencias del ambiente,7
Q65166143,Literatura,9
Q58363586,Literatura,9
Q10981881,Salud y sexualidad,7
Q12485,Comunicación visual,7
Q72941682,Biología,8
Q11780455,Química,9
Q397,Historia,7
Q49473179,Ciencias de la computación,7
Q118928294,Ciencias de la computación,7
Q101673483,Ciencias del ambiente,7
Q287,Tecnologías,7
Q287,Tecnologías,8
Q56378658,Literatura,9
Q9071453,Historia,8
Q56324223,Geografía,7
Q11392181,Biología,8
Q361,Historia,9
Q418,Geografía,7
Q11271324,Ciencias físico-químicas,8
Q17285,Matemática,8
Q10899852,Literatura,9
Q9009033,Matemática,9
Q78125729,Geografía,7
Q362,Historia,9
Q18848,Comunicación visual,7
Q10260689,Biología,9
Q107934765,Formación para la ciudadanía,9
Q18538,Ciencias del ambiente,7
Q12546,Historia,7
Q16864,Literatura,9
Q42387144,Literatura,9
Q64513386,Biología,9
Q64513386,Biología,8
Q10354784,Educación física y recreación,7
Q8963066,Lengua española,7
Q56318674,Literatura,9
Q56318473,Literatura,9
Q12554,Historia,7
Q13323,Educación musical,8
Q9030985,Educación física y recreación,7
Q9030985,Educación física y recreación,8
Q10388960,Matemática,7
Q111637324,Biología,9
Q90257513,Tecnologías,7
Q90257513,Tecnologías,9
Q90257513,Tecnologías,8
Q290,Biología,9
Q11220541,Ciencias del ambiente,7
Q11633,Diseño,8
Q11651,Tecnologías,7
Q11651,Tecnologías,8
Q12198,Biología,9
Q12198,Salud y sexualidad,8
Q12453,física,9
Q19821,Matemática,7
Q12457,Tecnologías,7
Q12457,Tecnologías,9
Q12457,Tecnologías,8
Q9046830,Comunicación visual,7
Q16285,Literatura,9
Q8771724,Historia,7
Q18534,Lengua española,8
Q116052868,Comunicación y sociedad,9
Q10617810,Comunicación y sociedad,9
Q10617810,Lengua española,8
Q11634,Comunicación visual,7
Q349,Educación física y recreación,7
Q349,Educación física y recreación,9
Q349,Educación física y recreación,8
Q401,Historia,7
Q283,Química,9
Q18783,Geografía,7
Q16501,Biología,8
Q336,Tecnologías,7
Q112062681,Literatura,9
Q309,Historia,7
Q21199,Matemática,7
Q432,Historia,7
Q66463453,Comunicación visual,7
Q109930932,Lengua española,8
Q84953550,Ciencias del ambiente,7
Q48785284,Comunicación visual,7
Q8354948,Salud y sexualidad,7
Q8868615,Tecnologías,8
Q8868615,Ciencias de la computación,7
Q50265665,Biología,8
Q12562,Historia,7
Q15326,Biología,9
Q8341841,Literatura,9
Q12206,Biología,8
Q12916,Matemática,7
Q11523535,Geografía,8
Q97369394,Literatura,9
Q60826125,Literatura,9
Q515,Historia,7
Q15318,Química,9
Q9076644,Biología,9
Q515,Geografía,8
Q16499,Biología,8
Q17167,Historia,7
Q11784425,física,9
Q19605,Química,9
Q109425421,Historia,9
Q14373,Geografía,8
Q491,Biología,9
Q8514257,Educación física y recreación,7
Q8514257,Educación física y recreación,8
Q20450,Lengua española,8
Q39047680,Biología,8
Q315,Comunicación visual,7
Q12199,Biología,9
Q63859034,Ciencias del ambiente,7
Q15028,Tecnologías,9
Q15028,Tecnologías,8
Q11639,Educación física y recreación,9
Q16399,Biología,8
Q9033886,Tecnologías,8
Q16460,Geografía,8
Q482,Literatura,9
Q482,Lengua española,8
Q446,Tecnologías,7
Q56324177,Geografía,8
Q12271,Comunicación visual,7
Q10295439,Geografía,7
Q15,Geografía,7
Q703,Química,9
Q23540,Historia,7
Q1084,Lengua española,7
Q1084,Lengua española,8
Q33456,Matemática,8
Q33456,Matemática,7
Q764,Ciencias del ambiente,7
Q33196,Biología,9
Q1321,Comunicación y sociedad,9
Q756,Ciencias del ambiente,7
Q4264,Historia,9
Q762,Historia,7
Q1072,Biología,8
Q2269,Historia,8
Q77,Geografía,8
Q77,Geografía,7
Q77,Historia,9
Q34698,Lengua española,7
Q34698,Lengua española,8
Q29539,Química,9
Q1111,Tecnologías,7
Q1111,Tecnologías,8
Q2539,Ciencias del ambiente,9
Q2539,Tecnologías,8
Q2539,Ciencias de la computación,7
Q22856,Geografía,7
Q5043,Historia,7
Q638,Educación musical,8
Q4228,Geografía,7
Q643,Geografía,7
Q676,Lengua española,8
Q254,Educación musical,8
Q28567,Historia,7
Q1339,Educación musical,8
Q1075,Comunicación visual,7
Q909,Literatura,9
Q5300,Tecnologías,8
Q542,Educación física y recreación,7
Q542,Educación física y recreación,9
Q542,Educación física y recreación,8
Q29358,Educación física y recreación,7
Q29358,Educación física y recreación,9
Q29358,Educación física y recreación,8
Q255,Educación musical,8
Q34581,Biología,9
Q25504,Tecnologías,8
Q34189,Literatura,9
Q654,Química,9
Q36649,Diseño,8
Q34770,Comunicación y sociedad,9
Q28962,Ciencias del ambiente,7
Q29137,Tecnologías,8
Q1853,Biología,9
Q658,Química,9
Q25358,Tecnologías,8
Q68,Ciencias de la computación,7
Q75,Ciencias de la computación,7
Q24905,Lengua española,7
Q24905,Lengua española,8
Q36747,Historia,8
Q96,Geografía,8
Q25862,Biología,9
Q660,Química,9
Q706,Química,9
Q729,Ciencias del ambiente,7
Q2277,Historia,7
Q1059,Biología,9
Q1059,Biología,8
Q1661,Literatura,9
Q1661,Lengua española,8
Q23852,Biología,8
Q23965,Educación musical,8
Q26473,Educación musical,8
Q27137,Tecnologías,8
Q27809,Matemática,7
Q1734,Educación física y recreación,7
Q1734,Educación física y recreación,9
Q1734,Educación física y recreación,8
Q26540,física,9
Q36133,Geografía,8
Q670,Química,9
Q2845,Biología,9
Q32043,Matemática,8
Q32043,Matemática,7
Q4118,Química,9
Q34620,Historia,7
Q23883,Química,9
Q35355,Historia,7
Q25428,Tecnologías,7
Q25428,Tecnologías,8
Q34929,Diseño,8
Q34929,Matemática,8
Q24449,Literatura,9
Q24449,Historia,9
Q36534,Química,9
Q2329,Ciencias físico-químicas,8
Q27948,Ciencias de la computación,7
Q28474,Matemática,9
Q28474,Matemática,7
Q28573,Historia,7
Q36732,Ciencias del ambiente,7
Q27908,Educación musical,8
Q1004,Comunicación visual,7
Q1497,Geografía,7
Q29548,Ciencias del ambiente,7
Q2095,Biología,8
Q32162,Historia,9
Q34726,Historia,7
Q1344,Educación musical,8
Q35245,Lengua española,7
Q35874,Comunicación y sociedad,9
Q847,Educación física y recreación,7
Q847,Educación física y recreación,9
Q847,Educación física y recreación,8
Q174,Geografía,8
Q23809,Química,9
Q1073,Biología,8
Q4692,Historia,7
Q26963,Biología,8
Q28360,Química,9
Q28923,Matemática,8
Q28923,Matemática,9
Q29643,Ciencias del ambiente,9
Q674,Química,9
Q2736,Educación física y recreación,7
Q2736,Educación física y recreación,9
Q2736,Educación física y recreación,8
Q28472,Biología,8
Q2,Geografía,7
Q35689,Matemática,7
Q35831,Biología,8
Q1299822,Ciencias de la computación,7
Q115404068,Matemática,8
Q121763968,Comunicación visual,7
Q121363423,Lengua española,8
Q107265092,física,9
Q13428326,Educación física y recreación,7
Q13428326,Educación física y recreación,9
Q13428326,Educación física y recreación,8
Q55238959,Literatura,9
Q19437163,Literatura,9
Q121763986,Comunicación visual,7
Q15758768,Geografía,7
Q97194619,Formación para la ciudadanía,9
Q1150771,Ciencias de la computación,7
Q778637,Ciencias de la computación,7
Q2887546,Geografía,7
Q42970866,Literatura,9
Q2887549,Geografía,7
Q1408288,Tecnologías,7
Q1408288,Tecnologías,8
Q12115713,Comunicación y sociedad,9
Q528053,Ciencias de la computación,7
Q109466090,Literatura,9
Q181702,Ciencias del ambiente,9
Q181702,Tecnologías,8
Q181702,Ciencias de la computación,7
Q3404044,Historia,7
Q2755547,Educación física y recreación,7
Q2755547,Educación física y recreación,9
Q2755547,Educación física y recreación,8
Q9380064,Ciencias de la computación,7
Q19443058,Literatura,9
Q42394009,Comunicación visual,7
Q42405632,Comunicación visual,7
Q19489532,Literatura,9
Q110435425,Literatura,9
Q121363414,Lengua española,7
Q121363414,Lengua española,8
Q121363426,Lengua española,8
Q121363428,Lengua española,8
Q121363627,Ciencias de la computación,7
Q121363628,Ciencias del ambiente,9
Q121363628,Tecnologías,8
Q121363628,Ciencias de la computación,7
Q121363631,Ciencias de la computación,7
Q121363629,Ciencias de la computación,7
Q121363632,Tecnologías,8
Q121363632,Ciencias de la computación,7
Q121363633,Ciencias del ambiente,9
Q121363633,Ciencias de la computación,7
Q5783347,Matemática,7
Q121363417,Lengua española,7
Q12076007,Tecnologías,8
Q70710352,Biología,9
Q121763970,Comunicación visual,7
Q7520847,Literatura,9
Q121763963,Comunicación visual,7
Q5365578,Comunicación visual,7
Q26846982,Ciencias físico-químicas,8
Q121363634,Ciencias de la computación,7
Q121363635,Ciencias de la computación,7
Q2630964,Literatura,9
Q1193158,Comunicación y sociedad,9
Q4791025,Historia,7
Q7936610,Comunicación visual,7
Q121763966,Comunicación visual,7
Q121763967,Comunicación visual,7
Q121763964,Comunicación visual,7
Q121763973,Comunicación visual,7
Q121763972,Comunicación visual,7
Q121763979,Comunicación visual,7
Q121763978,Comunicación visual,7
Q121763977,Comunicación visual,7
Q121763983,Comunicación visual,7
Q2887548,Geografía,7
Q1151067,Formación para la ciudadanía,9
Q55604103,Ciencias de la computación,7
Q19450507,Literatura,9
Q5133621,Geografía,7
Q119585523,Historia,7
Q12132639,Ciencias físico-químicas,8
Q10280306,Ciencias del ambiente,7
Q267474,Geografía,7
Q57515336,Ciencias del ambiente,9
Q57515336,Tecnologías,8
Q57515336,Ciencias de la computación,7
Q121763965,Comunicación visual,7
Q50358532,Literatura,9
Q121763984,Comunicación visual,7
Q121763982,Comunicación visual,7
Q121763981,Comunicación visual,7
Q121763980,Comunicación visual,7
Q110304307,Diseño,8
Q15934753,Ciencias del ambiente,9
Q15934753,Tecnologías,8
Q28130149,Ciencias de la computación,7
Q10265536,Matemática,7
Q121766109,Literatura,9
Q121766114,Literatura,9
Q121791985,Educación física y recreación,7
Q121791985,Educación física y recreación,9
Q121791985,Educación física y recreación,8
Q121766089,Literatura,9
Q121766098,Literatura,9
Q121763989,Comunicación visual,7
Q121766091,Literatura,9
Q121766110,Literatura,9
Q121763990,Comunicación visual,7
Q121766090,Literatura,9
Q121766094,Literatura,9
Q121766095,Literatura,9
Q121766092,Literatura,9
Q121766093,Literatura,9
Q121766096,Literatura,9
Q121766101,Literatura,9
Q121766102,Literatura,9
Q121766100,Literatura,9
Q121766105,Literatura,9
Q121766106,Literatura,9
Q121766104,Literatura,9
Q121766115,Literatura,9
Q121766116,Literatura,9
Q121789023,Diseño,8
Q121789024,Diseño,8
Q121789025,Educación musical,8
Q121789503,Geografía,8
Q121789518,Geografía,8
Q121789519,Geografía,8
Q121789522,Geografía,8
Q121789523,Geografía,8
Q121789520,Geografía,8
Q121789526,Ciencias del ambiente,9
Q121789521,Geografía,8
Q121789527,Ciencias del ambiente,9
Q121789524,Geografía,8
Q121789525,Ciencias del ambiente,9
Q121789529,Ciencias del ambiente,9
Q121789529,Tecnologías,8
Q121791971,física,9
Q121791972,Educación física y recreación,7
Q121791972,Educación física y recreación,9
Q121791972,Educación física y recreación,8
Q121791973,Educación física y recreación,7
Q121791973,Educación física y recreación,9
Q121791973,Educación física y recreación,8
Q121791974,Educación física y recreación,7
Q121791974,Educación física y recreación,9
Q121791974,Educación física y recreación,8
Q121791975,Educación física y recreación,7
Q121791975,Educación física y recreación,9
Q121791975,Educación física y recreación,8
Q121791978,Educación física y recreación,7
Q121791978,Educación física y recreación,8
Q121791979,Educación física y recreación,7
Q121791979,Educación física y recreación,8
Q121791977,Educación física y recreación,7
Q121791977,Educación física y recreación,8
Q121791982,Educación física y recreación,7
Q121791982,Educación física y recreación,9
Q121791982,Educación física y recreación,8
Q121791983,Educación física y recreación,7
Q121791983,Educación física y recreación,8
Q121791980,Educación física y recreación,7
Q121791980,Educación física y recreación,8
Q121791986,Educación física y recreación,7
Q121791987,Educación física y recreación,7
Q121791987,Educación física y recreación,9
Q121791987,Educación física y recreación,8
Q121791984,Educación física y recreación,7
Q121791984,Educación física y recreación,9
Q121791984,Educación física y recreación,8
Q121791990,Educación física y recreación,7
Q121791990,Educación física y recreación,8
Q121791991,Educación física y recreación,7
Q121791991,Educación física y recreación,8
Q121791989,Educación física y recreación,7
Q121791989,Educación física y recreación,9
Q121791989,Educación física y recreación,8
Q121791988,Educación física y recreación,7
Q121791988,Educación física y recreación,9
Q121791988,Educación física y recreación,8
Q121791994,Educación física y recreación,7
Q121791994,Educación física y recreación,9
Q121791992,Educación física y recreación,7
Q121791992,Educación física y recreación,8
Q121791993,Educación física y recreación,7
Q121791995,Educación física y recreación,7
Q121791995,Educación física y recreación,9
Q121791995,Educación física y recreación,8
Q121763991,Comunicación visual,7
Q121763988,Comunicación visual,7
Q121763993,Comunicación visual,7
Q121766103,Literatura,9
Q121792746,Formación para la ciudadanía,9
Q121792747,Formación para la ciudadanía,9
Q121791993,Educación física y recreación,8
Q121791998,Educación física y recreación,7
Q121791998,Educación física y recreación,9
Q121791998,Educación física y recreación,8
Q121791997,Educación física y recreación,7
Q121791997,Educación física y recreación,9
Q121791999,Educación física y recreación,7
Q121791999,Educación física y recreación,9
Q121791999,Educación física y recreación,8
Q121792002,Comunicación y sociedad,9
Q121792003,Comunicación y sociedad,9
Q121792000,Comunicación y sociedad,9
Q121792006,Tecnologías,8
Q121792007,Tecnologías,8
Q121792005,Tecnologías,8
Q121792004,Tecnologías,8
Q121792004,Tecnologías,7
Q121792004,Tecnologías,9
Q121792004,Tecnologías,8
Q121792008,Tecnologías,8
Q121792009,Tecnologías,8
Q121792744,Educación física y recreación,8
Q121792745,Formación para la ciudadanía,9
Q121792750,Formación para la ciudadanía,9
Q121792748,Formación para la ciudadanía,9
Q121792751,Formación para la ciudadanía,9
Q121792749,Formación para la ciudadanía,9
Q121792752,Formación para la ciudadanía,9
Q121792755,Geografía,7
Q121792753,Formación para la ciudadanía,9
Q121792756,Geografía,7
Q121792758,Geografía,7
Q121792759,Geografía,7
Q121792757,Geografía,7
Q121792762,Geografía,7
Q121792760,Geografía,7
Q121792761,Geografía,7
Q121792763,Historia,9
Q121792766,Historia,9
Q121792767,Historia,9
Q121792764,Historia,9
Q121792765,Historia,9
Q121792770,Historia,9
Q121792771,Historia,9
Q121792768,Historia,9
Q121792769,Historia,9
Q121792772,Historia,9
Q121792773,Historia,9
Q122046061,Tecnologías,9
Q122046061,Tecnologías,8
Q122046255,Química,9
Q122046258,Química,9
Q122046259,Química,9
Q122046256,Química,9
Q122046262,Química,9
Q122046263,Química,9
Q122046260,Química,9
Q122046257,Química,9
Q122046265,Química,9
Q122046274,Química,9
Q122046277,Química,9
Q122046273,Química,9
Q122046276,Química,9
Q122046282,Química,9
Q122046279,Química,9
Q122046284,Química,9
Q122046280,Química,9
Q122046285,Química,9
Q122046299,Salud y sexualidad,7
Q122046296,Química,9
Q122046294,Química,9
Q122046304,Educación física y recreación,9
Q122046300,Educación física y recreación,9
Q122046306,Educación física y recreación,9
Q122046315,Educación física y recreación,9
Q122046302,Educación física y recreación,9
Q122046297,Química,9
Q122046316,Educación física y recreación,9
Q122046293,Química,9
Q122046317,Educación física y recreación,9
Q122046322,Educación física y recreación,9
Q122046314,Educación física y recreación,9
Q122046334,Tecnologías,8
Q122046320,Educación física y recreación,9
Q122046335,Tecnologías,7
Q122046313,Educación física y recreación,9
Q122046332,Educación física y recreación,9
Q122046319,Educación física y recreación,9
Q122046324,Educación física y recreación,9
Q122046333,Educación física y recreación,9
Q122046336,Tecnologías,8
Q122046338,Tecnologías,8
Q122046341,Tecnologías,9
Q122046340,Tecnologías,9
Q122052096,Biología,9
Q122052110,Matemática,8
Q122052110,Matemática,9
Q122052126,Biología,8
Q122052145,Biología,8
Q122052127,Biología,9
Q122052130,Biología,9
Q122052128,Biología,9
Q122052131,Ciencias del ambiente,7
Q122052129,Biología,9
Q122052134,Ciencias del ambiente,7
Q122052132,Matemática,7
Q122052133,Biología,9
Q122052137,Biología,9
Q122052138,Biología,9
Q122052142,Biología,8
Q122052143,Biología,8
Q122052140,Biología,9
Q122052141,Ciencias del ambiente,7
Q122052146,Biología,9
Q122052144,Biología,9
Q122052147,Salud y sexualidad,8
Q122052150,Matemática,9
Q122052148,Biología,9
Q122052151,Matemática,9
Q122052154,Matemática,7
Q122052149,Matemática,8
Q122052155,Matemática,7
Q122052153,Matemática,9
Q122052152,Matemática,7
Q122052158,Biología,8
Q122052159,Biología,9
Q122052156,Ciencias del ambiente,7
Q122052157,Ciencias del ambiente,7
Q122052162,Biología,9
Q122052163,Biología,9
Q122052160,Biología,9
Q122052161,Biología,9
Q122052164,Biología,8
Q122052165,Biología,9
Q5369,Educación física y recreación,9
Q5369,Educación física y recreación,8
Q47263,Ciencias del ambiente,7
Q64386,Biología,8
Q36810,Matemática,8
Q42998,Educación musical,8
Q37555,Matemática,8
Q37038,Comunicación visual,7
Q40178,Ciencias del ambiente,7
Q40178,Química,9
Q38746,Ciencias del ambiente,9
Q38746,Tecnologías,8
Q47928,Educación física y recreación,7
Q47928,Educación física y recreación,9
Q47928,Educación física y recreación,8
Q48264,Biología,9
Q48264,Salud y sexualidad,8
Q41679,Historia,7
Q41299,Matemática,9
Q43260,Matemática,8
Q43260,Matemática,9
Q37437,Lengua española,7
Q42005,Historia,7
Q62500,Química,9
Q62155,Lengua española,7
Q47041,Ciencias del ambiente,7
Q50701,Matemática,7
Q45762,Comunicación y sociedad,9
Q50675,Historia,7
Q36484,Lengua española,8
Q40276,Matemática,8
Q40276,Matemática,7
Q51739,Comunicación y sociedad,9
Q44424,Química,9
Q40924,Biología,8
Q45948,Ciencias del ambiente,7
Q46857,Ciencias físico-químicas,8
Q44528,Matemática,8
Q44528,Matemática,9
Q50690,Química,9
Q40397,Ciencias del ambiente,7
Q5318,Ciencias del ambiente,9
Q5325,Tecnologías,8
Q45701,Ciencias del ambiente,7
Q49918,Matemática,8
Q49918,Matemática,9
Q52139,Geografía,7
Q5372,Educación física y recreación,7
Q5372,Educación física y recreación,9
Q5372,Educación física y recreación,8
Q5322,Tecnologías,8
Q5321,Tecnologías,8
Q5339,Tecnologías,8
Q39552,Química,9
Q39297,Matemática,9
Q39297,Matemática,7
Q39297,Química,9
Q3930,Educación física y recreación,7
Q3930,Educación física y recreación,9
Q3930,Educación física y recreación,8
Q49084,Literatura,9
Q5320,Tecnologías,9
Q5320,Tecnologías,8
Q37105,Matemática,9
Q37105,Matemática,7
Q49389,Geografía,8
Q53831,Educación musical,8
Q40461,Educación musical,8
Q40461,Educación física y recreación,7
Q40461,Educación física y recreación,9
Q40461,Educación física y recreación,8
Q40754,Matemática,8
Q40754,Matemática,7
Q42848,Tecnologías,8
Q42848,Ciencias de la computación,7
Q41560,Ciencias del ambiente,7
Q41796,Lengua española,7
Q41796,Lengua española,8
Q48277,Biología,9
Q48277,Salud y sexualidad,8
Q36864,Biología,8
Q43302,Biología,9
Q43343,Educación musical,8
Q44167,Tecnologías,9
Q36224,Lengua española,7
Q36224,Lengua española,8
Q44782,Geografía,8
Q40164,Tecnologías,7
Q46261,Historia,7
Q53859,Química,9
Q38433,física,9
Q38433,Tecnologías,9
Q39572,Ciencias del ambiente,7
Q49906,Matemática,8
Q49906,Matemática,9
Q42213,Ciencias físico-químicas,8
Q52090,Historia,7
Q51379,Comunicación visual,7
Q51379,Matemática,8
Q51379,Matemática,7
Q41591,Tecnologías,9
Q41591,Tecnologías,8
Q3966,Ciencias de la computación,7
Q37732,Geografía,7
Q38311,Lengua española,7
Q38035,Lengua española,7
Q3392,Geografía,7
Q36244,Lengua española,7
Q41083,Biología,9
Q41966,Lengua española,8
Q43054,Biología,8
Q43619,Ciencias del ambiente,7
Q53875,Matemática,8
Q53875,Matemática,7
Q44484,Ciencias de la computación,7
Q37739,Historia,7
Q58734,Química,9
Q37756,Química,9
Q37813,Ciencias del ambiente,7
Q47273,Biología,8
Q48378,Tecnologías,7
Q40015,Biología,9
Q40260,Ciencias del ambiente,7
Q42515,Geografía,7
Q43249,Lengua española,7
Q52954,Educación musical,8
Q50708,Matemática,7
Q43450,Educación física y recreación,9
Q43450,Educación física y recreación,8
Q48349,Historia,7
Q3968,Matemática,7
Q41576,Biología,9
Q41861,Biología,9
Q41861,Biología,8
Q44946,Comunicación visual,7
Q44432,Ciencias físico-químicas,8
Q46441,Ciencias del ambiente,9
Q37260,Comunicación y sociedad,9
Q61065,Educación física y recreación,9
Q40936,Química,9
Q47657,Biología,8
Q5369,Educación física y recreación,7
